{"time_last_update":1780232102,"weights":{"frec":0.7,"rece":0.3},"init_weights":{"frec":0.7,"rece":0.3},"norms":{"rece":{"beta":0.001,"mean":0.9999124956473675,"var":0.9521578039271019},"frec":{"beta":0.001,"mean":20803,"var":0.9521577859830145}},"score_map":{"Lvw_LhmUZBcj":{"frec":0,"rece":-0.0010432070776283011,"final":-0.00031296212328849033},"iAumggkNm0E5":{"frec":0,"rece":-0.0010538820110035708,"final":-0.00031616460330107123},"rVoG-2Vo73es":{"frec":0,"rece":-0.001077526396641876,"final":-0.00032325791899256274}}}