{"time_last_update":1780237396,"weights":{"frec":0.7,"rece":0.3},"init_weights":{"frec":0.7,"rece":0.3},"norms":{"rece":{"beta":0.001,"mean":1.0555272314496378,"var":1.030922136672288},"frec":{"beta":0.001,"mean":20803.629207474398,"var":22.41268657795903}},"score_map":{"GqhXh1i1p_6k":{"frec":8.105014766269095,"rece":2.8948377189798387,"final":6.541961652082318},"ftmfaBpTF9vf":{"frec":6.20395596359384,"rece":2.8982759337105795,"final":5.2122519546288615},"iAumggkNm0E5":{"frec":-0.13290671199034307,"rece":-0.0572780955261987,"final":-0.11021812705109976},"rVoG-2Vo73es":{"frec":-0.13290671199034307,"rece":-0.057300784292570024,"final":-0.11022493368101116}}}